# Generated from src/redirect.json
/airbnb https://www.airbnb.co.uk/rp/sjobling2?p=stay
/babylon https://www.beautiful.ai/player/-MH7sN4N4aI2vK9dCNFR 301
/descript https://get.descript.com/2bxpxg5vp0v2 301
/descript2 https://www.descript.com/?lmref=ZzV-GA 301
/donate https://fundraise.cancerresearchuk.org/page/si-100-push-ups-challenge 301
/fathom https://usefathom.com/ref/SZMMNP 301
/feedback https://forms.office.com/e/0fZyejrGdd 301
/freetrade https://magic.freetrade.io/join/simon/7190a0fa 301
/ifttt https://ifttt.com/join?referral_code=qiYYJV5dvCsxXqgK8YlAQlCey_ogCVuR 301
/makelifework https://makelifeworkpodcast.com/ 301
/makelifework https://makelifeworkpodcast.com/ 301
/makelifework/1 https://makelifeworkpodcast.com/dom-hodgson/ 301
/makelifework/10 https://makelifeworkpodcast.com/dan-davies/ 301
/makelifework/11 https://makelifeworkpodcast.com/luke-murphy/ 301
/makelifework/12 https://makelifeworkpodcast.com/stephen-turvey-wright/ 301
/makelifework/13 https://makelifeworkpodcast.com/run-dom-run/ 301
/makelifework/14 https://makelifeworkpodcast.com/alex-brooke/ 301
/makelifework/15 https://makelifeworkpodcast.com/mike-street/ 301
/makelifework/16 https://makelifeworkpodcast.com/elizabeth-elcoate/ 301
/makelifework/17 https://makelifeworkpodcast.com/naomi-white-revisited/ 301
/makelifework/18 https://makelifeworkpodcast.com/franca-hood/ 301
/makelifework/19 https://makelifeworkpodcast.com/dan-vinnicombe/ 301
/makelifework/2 https://makelifeworkpodcast.com/sam-hardacre/ 301
/makelifework/20 https://makelifeworkpodcast.com/brian-suda/ 301
/makelifework/21 https://makelifeworkpodcast.com/on-the-side-takeover-pilot/ 301
/makelifework/22 https://makelifeworkpodcast.com/should-side-projects-be-a-job-requirement/ 301
/makelifework/23 https://makelifeworkpodcast.com/collaborate-or-go-solo/ 301
/makelifework/24 https://makelifeworkpodcast.com/selfish-problem-solving/ 301
/makelifework/25 https://makelifeworkpodcast.com/tingle-of-completion/ 301
/makelifework/26 https://makelifeworkpodcast.com/what-is-a-side-project-if-not-a-safe-place-to-get-imposter-syndrome/ 301
/makelifework/27 https://makelifeworkpodcast.com/fesshole-with-rob-manuel/ 301
/makelifework/28 https://makelifeworkpodcast.com/making-remote-work-with-chris-heilmann/ 301
/makelifework/29 https://makelifeworkpodcast.com/making-ladies-that-ux-meetup-with-mt-mccann/ 301
/makelifework/3 https://makelifeworkpodcast.com/rachel-shillcock/ 301
/makelifework/30 https://makelifeworkpodcast.com/school-of-design-with-chris-murphy/ 301
/makelifework/31 https://makelifeworkpodcast.com/making-sharing-with-lorna-mitchell/ 301
/makelifework/32 https://makelifeworkpodcast.com/making-strategic-photography-with-shari-muhima/ 301
/makelifework/33 https://makelifeworkpodcast.com/making-ermi-jamie-lion-wookie/ 301
/makelifework/34 https://makelifeworkpodcast.com/making-letters-to-a-new-developer-dan-moore/ 301
/makelifework/35 https://makelifeworkpodcast.com/making-candles-silvia-ely/ 301
/makelifework/36 https://makelifeworkpodcast.com/making-founderpath-with-mubs/ 301
/makelifework/37 https://makelifeworkpodcast.com/making-polymathy-dustin-miller-polyinnovator/ 301
/makelifework/38 https://makelifeworkpodcast.com/f1-calendar-andy-yates/ 301
/makelifework/39 https://makelifeworkpodcast.com/volv-shannon-almeida/ 301
/makelifework/4 https://makelifeworkpodcast.com/dan-blundell/ 301
/makelifework/40 https://makelifeworkpodcast.com/habit-trackers-simon-scarfe/ 301
/makelifework/41 https://makelifeworkpodcast.com/dress-circle-dom-hodgson/ 301
/makelifework/42 https://makelifeworkpodcast.com/michele-hansen/ 301
/makelifework/43 https://makelifeworkpodcast.com/carlo-beschi/ 301
/makelifework/44 https://makelifeworkpodcast.com/aj-wilson/ 301
/makelifework/45 https://makelifeworkpodcast.com/lewis-prescott/ 301
/makelifework/46 https://makelifeworkpodcast.com/james-norton/ 301
/makelifework/47 https://makelifeworkpodcast.com/patricia-manley/ 301
/makelifework/48 https://makelifeworkpodcast.com/cole-henley/ 301
/makelifework/49 https://makelifeworkpodcast.com/on-the-side-reunion-mike-sam/ 301
/makelifework/5 https://makelifeworkpodcast.com/mike-hince/ 301
/makelifework/50 https://makelifeworkpodcast.com/adrian-lansdown/ 301
/makelifework/51 https://makelifeworkpodcast.com/montserrat-cano/ 301
/makelifework/52 https://makelifeworkpodcast.com/ian-lurie/ 301
/makelifework/53 https://makelifeworkpodcast.com/andy-clarke-dan-davies/ 301
/makelifework/6 https://makelifeworkpodcast.com/naomi-white/ 301
/makelifework/7 https://makelifeworkpodcast.com/kevin-cunningham/ 301
/makelifework/8 https://makelifeworkpodcast.com/ashley-baxter/ 301
/makelifework/9 https://makelifeworkpodcast.com/marc-littlemore/ 301
/makelifework/s01e01 https://makelifeworkpodcast.com/dom-hodgson/ 301
/makelifework/s01e02 https://makelifeworkpodcast.com/sam-hardacre/ 301
/makelifework/s01e03 https://makelifeworkpodcast.com/rachel-shillcock/ 301
/makelifework/s01e04 https://makelifeworkpodcast.com/dan-blundell/ 301
/makelifework/s01e05 https://makelifeworkpodcast.com/mike-hince/ 301
/makelifework/s02e01 https://makelifeworkpodcast.com/naomi-white/ 301
/makelifework/s02e02 https://makelifeworkpodcast.com/kevin-cunningham/ 301
/makelifework/s02e03 https://makelifeworkpodcast.com/ashley-baxter/ 301
/makelifework/s02e04 https://makelifeworkpodcast.com/marc-littlemore/ 301
/makelifework/s02e05 https://makelifeworkpodcast.com/dan-davies/ 301
/makelifework/s03e01 https://makelifeworkpodcast.com/luke-murphy/ 301
/makelifework/s03e02 https://makelifeworkpodcast.com/stephen-turvey-wright/ 301
/makelifework/s03e03 https://makelifeworkpodcast.com/run-dom-run/ 301
/makelifework/s03e04 https://makelifeworkpodcast.com/alex-brooke/ 301
/makelifework/s03e05 https://makelifeworkpodcast.com/mike-street/ 301
/makelifework/s04e01 https://makelifeworkpodcast.com/elizabeth-elcoate/ 301
/makelifework/s04e02 https://makelifeworkpodcast.com/naomi-white-revisited/ 301
/makelifework/s04e03 https://makelifeworkpodcast.com/franca-hood/ 301
/makelifework/s04e04 https://makelifeworkpodcast.com/dan-vinnicombe/ 301
/makelifework/s04e05 https://makelifeworkpodcast.com/brian-suda/ 301
/makelifework/s05 https://makelifeworkpodcast.com/tag/season-5/ 301
/makelifework/s05e01 https://makelifeworkpodcast.com/on-the-side-takeover-pilot/ 301
/makelifework/s05e02 https://makelifeworkpodcast.com/should-side-projects-be-a-job-requirement/ 301
/makelifework/s05e03 https://makelifeworkpodcast.com/collaborate-or-go-solo/ 301
/makelifework/s05e04 https://makelifeworkpodcast.com/selfish-problem-solving/ 301
/makelifework/s05e05 https://makelifeworkpodcast.com/tingle-of-completion/ 301
/makelifework/s05e06 https://makelifeworkpodcast.com/what-is-a-side-project-if-not-a-safe-place-to-get-imposter-syndrome/ 301
/makelifework/s06 https://makelifeworkpodcast.com/tag/season-6/ 301
/makelifework/s06e01 https://makelifeworkpodcast.com/fesshole-with-rob-manuel/ 301
/makelifework/s06e02 https://makelifeworkpodcast.com/making-remote-work-with-chris-heilmann/ 301
/makelifework/s06e03 https://makelifeworkpodcast.com/making-ladies-that-ux-meetup-with-mt-mccann/ 301
/makelifework/s06e04 https://makelifeworkpodcast.com/school-of-design-with-chris-murphy/ 301
/makelifework/s06e05 https://makelifeworkpodcast.com/making-sharing-with-lorna-mitchell/ 301
/makelifework/s07 https://makelifeworkpodcast.com/tag/season-7/ 301
/makelifework/s07e01 https://makelifeworkpodcast.com/making-strategic-photography-with-shari-muhima/ 301
/makelifework/s07e02 https://makelifeworkpodcast.com/making-ermi-jamie-lion-wookie/ 301
/makelifework/s07e03 https://makelifeworkpodcast.com/making-letters-to-a-new-developer-dan-moore/ 301
/makelifework/s07e04 https://makelifeworkpodcast.com/making-candles-silvia-ely/ 301
/makelifework/s07e05 https://makelifeworkpodcast.com/making-founderpath-with-mubs/ 301
/makelifework/s08 https://makelifeworkpodcast.com/tag/season-8/ 301
/makelifework/s08e01 https://makelifeworkpodcast.com/making-polymathy-dustin-miller-polyinnovator/ 301
/makelifework/s08e02 https://makelifeworkpodcast.com/f1-calendar-andy-yates/ 301
/makelifework/s08e03 https://makelifeworkpodcast.com/volv-shannon-almeida/ 301
/makelifework/s08e04 https://makelifeworkpodcast.com/habit-trackers-simon-scarfe/ 301
/makelifework/s08e05 https://makelifeworkpodcast.com/dress-circle-dom-hodgson/ 301
/makelifework/s09 https://makelifeworkpodcast.com/tag/season-9/ 301
/makelifework/s09e01 https://makelifeworkpodcast.com/michele-hansen/ 301
/makelifework/s09e02 https://makelifeworkpodcast.com/carlo-beschi/ 301
/makelifework/s09e03 https://makelifeworkpodcast.com/aj-wilson/ 301
/makelifework/s09e04 https://makelifeworkpodcast.com/lewis-prescott/ 301
/makelifework/s09e05 https://makelifeworkpodcast.com/james-norton/ 301
/makelifework/s09e06 https://makelifeworkpodcast.com/patricia-manley/ 301
/makelifework/s09e07 https://makelifeworkpodcast.com/cole-henley/ 301
/makelifework/s10 https://makelifeworkpodcast.com/tag/season-10/ 301
/makelifework/s10e01 https://makelifeworkpodcast.com/on-the-side-reunion-mike-sam/ 301
/makelifework/s10e02 https://makelifeworkpodcast.com/adrian-lansdown/ 301
/makelifework/s10e03 https://makelifeworkpodcast.com/montserrat-cano/ 301
/makelifework/s10e04 https://makelifeworkpodcast.com/ian-lurie/ 301
/makelifework/s10e05 https://makelifeworkpodcast.com/andy-clarke-dan-davies/ 301
/matchtech http://sijobling.com/wp-content/uploads/2024/09/How-healthy-is-your-team-London-Sep-2025.pptx 301
/octopusenergy https://share.octopus.energy/anew-rhino-588 301
/podcast/alex-brooke https://makelifeworkpodcast.com/alex-brooke/ 301
/podcast/ashley-baxter https://makelifeworkpodcast.com/ashley-baxter/ 301
/podcast/dan-blundell https://makelifeworkpodcast.com/dan-blundell/ 301
/podcast/dan-davies https://makelifeworkpodcast.com/dan-davies/ 301
/podcast/dom-hodgson https://makelifeworkpodcast.com/dom-hodgson/ 301
/podcast/feed http://podsync.net/D3yA 301
/podcast/kevin-cunningham https://makelifeworkpodcast.com/kevin-cunningham/ 301
/podcast/luke-murphy https://makelifeworkpodcast.com/luke-murphy/ 301
/podcast/marc-littlemore https://makelifeworkpodcast.com/marc-littlemore/ 301
/podcast/mike-hince https://makelifeworkpodcast.com/mike-hince/ 301
/podcast/mike-street https://makelifeworkpodcast.com/mike-street/ 301
/podcast/naomi-white https://makelifeworkpodcast.com/naomi-white/ 301
/podcast/rachel-shillcock https://makelifeworkpodcast.com/rachel-shillcock/ 301
/podcast/run-dom-run https://makelifeworkpodcast.com/run-dom-run/ 301
/podcast/sam-hardacre https://makelifeworkpodcast.com/sam-hardacre/ 301
/podcast/stephen-turvey-wright https://makelifeworkpodcast.com/stephen-turvey-wright/ 301
/pushup /blog/100-push-up-challenge-cancer-research-uk/ 301
/rescuemycar https://rescuemycar.mention-me.com/m/ol/ob6cs-simon-jobling 301
/setapp https://go.setapp.com/invite/5lsgaljw 301
/shavekit https://www.shavekit.com/trial?referral=Si.295650 301
/simplycook https://simplycook.com/invite/1Y4A4Y?t=cp&via=mb&pg=mr 301
/starling https://www.starlingbank.com/referral/?code=ih4XiP 301
/ticktick https://ticktick.com/r?c=dro4kuok 301
/topcashback https://www.topcashback.co.uk/ref/sijobling?source=clickthrough 301
/vitality https://referral.vitality.co.uk/simonj-1432n 301
/weeklies https://sijobling.com/weeknotes/ 301
/weekly https://sijobling.com/weeknotes/ 301

# Fallback to action_data.server + url for ids: 62
/index /site-index/ 301!
